{
    "numerical": {
        "features": [
            "PRE4",
            "PRE5",
            "AGE"
        ],
        "mean": [
            3.28163829787234,
            4.5687021276595745,
            62.53404255319149
        ],
        "scale": [
            0.8704675174633485,
            11.75533145756552,
            8.697634224579245
        ]
    },
    "categorical": {
        "features": [
            "DGN",
            "PRE6",
            "PRE14"
        ],
        "categories": [
            [
                "DGN1",
                "DGN2",
                "DGN3",
                "DGN4",
                "DGN5",
                "DGN6",
                "DGN8"
            ],
            [
                "PRZ0",
                "PRZ1",
                "PRZ2"
            ],
            [
                "OC11",
                "OC12",
                "OC13",
                "OC14"
            ]
        ]
    },
    "boolean_features": [
        "PRE10",
        "PRE11",
        "PRE17",
        "PRE19",
        "PRE25",
        "PRE30",
        "PRE32",
        "PRE7",
        "PRE8",
        "PRE9"
    ],
    "classifier": {
        "class_prior": [
            0.5,
            0.5
        ],
        "classes": [
            false,
            true
        ],
        "theta": [
            [
                0.019399577570533354,
                0.017921474447650725,
                -0.016273684261347246,
                0.0025,
                0.1,
                0.765,
                0.1,
                0.02,
                0.01,
                0.0025,
                0.29,
                0.66,
                0.05,
                0.3975,
                0.545,
                0.0325,
                0.025,
                0.06,
                0.135,
                0.055,
                0.67,
                0.1525,
                0.0625,
                0.005,
                0.015,
                0.8075,
                0.005
            ],
            [
                -0.17484780006535225,
                -0.12810594991696583,
                0.10934332599073977,
                0.0,
                0.1295974639381732,
                0.6731614880053415,
                0.09701400352886662,
                0.09007751981845029,
                0.0,
                0.010149524709168497,
                0.1625583188018669,
                0.7623285488575395,
                0.07511313234059357,
                0.2705203852803259,
                0.6029239641186234,
                0.073927576571888,
                0.05262807402916282,
                0.08261241097499897,
                0.19465324046724264,
                0.0968585684785758,
                0.8095909958770703,
                0.19949575221419724,
                0.10350898178116968,
                0.0,
                0.020815245684666094,
                0.9346181344542489,
                0.0
            ]
        ],
        "var": [
            [
                1.0419385001684136,
                1.088100141603805,
                0.9840658856162102,
                0.002493750891099249,
                0.09000000089109966,
                0.1797750008910987,
                0.09000000089109922,
                0.01960000089109921,
                0.009900000891099296,
                0.0024937508910992537,
                0.20590000089109964,
                0.22440000089109916,
                0.047500000891099424,
                0.23949375089109864,
                0.24797500089110056,
                0.031443750891099326,
                0.0243750008910992,
                0.056400000891099235,
                0.11677500089109964,
                0.05197500089109921,
                0.2211000008910995,
                0.12924375089110007,
                0.05859375089109926,
                0.004975000891099235,
                0.014775000891099378,
                0.15544375089109877,
                0.004975000891099229
            ],
            [
                0.6046892129841102,
                0.2945024689761236,
                0.7902428083656777,
                8.910992544160135e-10,
                0.10349807067699397,
                0.1900918220254648,
                0.06884151025758581,
                0.06717388322470856,
                8.910992544160135e-10,
                0.006653410881483604,
                0.12286934031574168,
                0.16196801975724273,
                0.058799651537150936,
                0.17603536017395385,
                0.21260770863715717,
                0.05043659632290446,
                0.03867689769828299,
                0.06586154085905918,
                0.12351884238007116,
                0.0694419965936191,
                0.13207719599344148,
                0.12950832612960902,
                0.07363897517169286,
                8.910992544160135e-10,
                0.01513662555730783,
                0.043291878204001905,
                8.910992544160135e-10
            ]
        ]
    }
}